{
  "nc": {
    "mean": 45.89907148857955,
    "std": 2.766553263175825,
    "ci95": [
      40.82855570531755,
      50.40193991444634
    ],
    "identifiability": 0.9201364864389
  },
  "laminAC": {
    "mean": 1.6480620644832897,
    "std": 0.13154088872820077,
    "ci95": [
      1.4103151152451525,
      1.8595719817874554
    ],
    "identifiability": 0.7928768158636291
  }
}